{"cameraMode":{"drawMode":0,"name":"Shaded","section":"Shading Mode"},"sceneLighting":false,"audioPlay":false,"sceneViewState":{"m_AlwaysRefresh":false,"showFog":true,"showSkybox":false,"showFlares":true,"showImageEffects":true,"showParticleSystems":true,"showVisualEffectGraphs":true,"m_FxEnabled":true},"in2DMode":false,"pivot":{"x":12.300000190734864,"y":4.690000057220459,"z":3.8299999237060549},"rotation":{"x":0.00008632986282464117,"y":0.9589875936508179,"z":-0.2834709584712982,"w":0.00028813653625547886},"size":1.0606601238250733,"orthographic":false}